<?xml version="1.0" encoding="UTF-8"?>
<beans:beans xmlns="http://www.springframework.org/schema/mvc"
	xmlns:xsi="http://www.w3.org/2001/XMLSchema-instance"
	xmlns:beans="http://www.springframework.org/schema/beans"
	xmlns:context="http://www.springframework.org/schema/context"
	xsi:schemaLocation="http://www.springframework.org/schema/mvc https://www.springframework.org/schema/mvc/spring-mvc.xsd
		http://www.springframework.org/schema/beans https://www.springframework.org/schema/beans/spring-beans.xsd
		http://www.springframework.org/schema/context https://www.springframework.org/schema/context/spring-context.xsd">

	<!-- DispatcherServlet Context: defines this servlet's request-processing infrastructure -->
	
	<!-- 애노테이션을 사용하여 Spring MVC 애플리케이션을 작성할때 필요한 객체들을 자동등록 -->
	<annotation-driven />

	<!-- Handles HTTP GET requests for /resources/** by efficiently serving up static resources in the ${webappRoot}/resources directory -->
	<!--<resources mapping="/resources/**" location="/resources/" /> -->
	

	<!-- 컨트롤로가 문자열(뷰이름)을 반환한 경우-->
	<!-- 그 문자열 앞에 "/WEB-INF/views/"를 붙이고, 뒤에 ".jsp"를 붙여서-->
	<!-- 해당 문자열의 jsp파일 경로로 이동(forward)시키는 역할을 수행-->
	<beans:bean class="org.springframework.web.servlet.view.InternalResourceViewResolver">
		<beans:property name="prefix" value="/WEB-INF/views/" />
		<beans:property name="suffix" value=".jsp" />
	</beans:bean>
	
	<!-- kr.ac.kopo 패키지(폴더) 아래에 있는 모든 클래스들을 조사하여,  -->
	<!-- @Component,@Controller,@service,@Reoository 등이 붙어있는 클래스들을 -->
	<!-- 스프링(DispatcherServlet)에 자동 등록 -->
	<context:component-scan base-package="kr.ac.kopo" />
	<!-- @Controller:웹 요청을 받았을 떄 실행되는 메서드를 담고 있는 객체 -->
	<!-- @service: 서비스 계층의 객체에 사용-->
	<!-- @Reoository:DAO 계층의 객체에 사용 -->
	
<!-- 	데이터베이스 연결을 담당하는 데이터소스로서 Common DBCP를 등록 -->
	<beans:bean id="dataSource" class="org.apache.commons.dbcp2.BasicDataSource">
<!-- 	데이터베이스 연결에 필요한 접속 정보 설정 -->
		<beans:property name="driverClassName" value="oracle.jdbc.OracleDriver"></beans:property>
		<beans:property name="url" value="jdbc:oracle:thin:@localhost:1521:xe"></beans:property>
		<beans:property name="username" value="com"></beans:property>
		<beans:property name="password" value="com01"></beans:property>
	</beans:bean>
		
<!-- 마이바티스 SqlSessionFactory 객체를 생성하여 스프링에 등록 -->
	<beans:bean id="sqlSessionFactory" class="org.mybatis.spring.SqlSessionFactoryBean">
<!-- 마이바티스가 사용할 데이터베이스 연결(커넥션)을 제공하는 데이터소스 설정 -->
	<beans:property name="dataSource" ref="dataSource"></beans:property>
<!-- 마이바티스 설정 파일 위치 -->
	<beans:property name="configLocation" value="classpath:/batis/mybatis-config.xml"></beans:property>
	
	</beans:bean>
	
	
	
</beans:beans>
