<?xml version="1.0" encoding="UTF-8"?>
<beans xmlns="http://www.springframework.org/schema/beans"
	xmlns:xsi="http://www.w3.org/2001/XMLSchema-instance"
	xmlns:p="http://www.springframework.org/schema/p"
	xmlns:util="http://www.springframework.org/schema/util"
	xmlns:context="http://www.springframework.org/schema/context"
	xsi:schemaLocation="http://www.springframework.org/schema/beans http://www.springframework.org/schema/beans/spring-beans.xsd
		http://www.springframework.org/schema/context http://www.springframework.org/schema/context/spring-context-4.3.xsd
		http://www.springframework.org/schema/util http://www.springframework.org/schema/util/spring-util-4.3.xsd">
	
	<!-- <context:annotation-config /> -->
	<context:component-scan base-package="spring.di.ui, spring.di.entity" />
	
	<!-- Exam exam = new NewlecExam(); -->
 	<bean id="exam" class="spring.di.entity.NewlecExam" p:kor="10" p:eng="10"/>
	<!--<bean id="exam2" class="spring.di.entity.NewlecExam" p:kor="20" p:eng="20"/> -->
	<!-- id의 이름이 InlineExamConsole 클래스 내의 exam과 같지 않아도 실행된다.  -->
	<!--<bean id="exam" class="spring.di.entity.NewlecExam">
		 방법1 
		 1-1)<property name="kor">	두 가지 방법이 있다.
				<value>10</value>
			</property>
		1-2)<property name="eng" value="10"></property>
			<property name="math" value="10"></property>
			<property name="com" value="10"></property>
		
		방법2
		<constructor-arg name="kor" value="10" />
		<constructor-arg name="eng" value="20" />
		<constructor-arg name="com" value="30" />
		<constructor-arg name="math" value="40" /> 
	</bean>-->
	<!-- ExamConsole console = new GridExamConsole(); -->
	<!-- <bean id="console" class="spring.di.ui.InlineExamConsole">
		console.setExam(exam);
		<property name="exam" ref="exam" />
	</bean> -->
	
	<!-- <util:list id="exams" list-class="java.util.ArrayList">
		<bean class="spring.di.entity.NewlecExam" p:kor="1" p:eng="1"/>
		<ref bean="exam" />
	</util:list> -->
	<!-- list태그와 비슷해보이지만 (처리기가)다르다. 자체가 객체를 만든다. -->
	

	<!-- <bean id="exams" class="java.util.ArrayList">
		<constructor-arg>
			<list>
				<bean class="spring.di.entity.NewlecExam" p:kor="1" p:eng="1"/>
				<ref bean="exam" />
			</list>
			목록 세팅할 때 사용. 자체가 객체를 만들진 못한다.
		</constructor-arg>
	</bean> -->
	
</beans>