<?xml version="1.0" encoding="UTF-8" ?>
<!DOCTYPE mapper
  PUBLIC "-//mybatis.org//DTD Mapper 3.0//EN"
  "http://mybatis.org/dtd/mybatis-3-mapper.dtd">
  
<!--    *.java, *.xml : 변경 후 재실행이 필요(*.java는 실행 중 변경시 이클립스가 자동 재실행)
		*.jsp, *.html, *.css, *.js : 변경 후 재실행이 필요없고, 브라우저에서 새로고침만 필요 -->
  
  
<!--   현재 Mapper 파일(SQL문들의 집합)의 고유한 이름을 namespace 속성에 지정 
		일반적으로 여기 등록된 SQL문들을 실행할 인터페이스의 이름과 동일하게 설정		-->
<mapper namespace="kr.ac.kopo.member.MemberDao">
	<!-- MemberMap라는 resultMap을 정의  -->
	<resultMap type="MemberVo" id="MemberMap">
		<!-- mem_id컬럼의 값을 kr.ac.kopo.member.MemberVo객체의 memId 변수(속성)에 저장 (mybatis에서 별명을 설정했으니 MemberVo로 줄여쓴다.)-->
		<!-- 기본키(PK)에 해당하는 경우에는 id태그를 사용 -->
		<id property="memId" column="mem_id" />
		<result property="memPass" column="mem_pass" />
		<result property="memName" column="mem_name" />
		<result property="memPoint" column="mem_point" />
	</resultMap>

<!-- 실행할 SQL문과 동일한 이름의 엘리먼트를 사용하여 SQl문을 등록 -->
<!-- SQL문의 고유한 이름을 id속성에 저장 -->
<!-- 보통 SQL문들을 실행할 때인 사용할 인터페이스의 메서드 이름과 동일하게 설정-->
<!-- 실행결과 레코드 1개를 담을 자바객체의 클래스명을 resultType 속성에 저장-->
<!-- SELECT mem_id as memId, mem_pass as memPass, mem_name as memName, mem_point as memPoint FROM member order by mem_id -->
<!-- vo클래스와 같을 수 있게 별명을 지어주었다. as는 생략 가능.	--> 
<!--  <select id="selectMemberList" resultMap="MemberMap">  -->
	<select id="selectMemberList" resultType="MemberVo">
  		SELECT mem_id, mem_pass, mem_name, mem_point
  		FROM member order by mem_id
	</select>
  
<!--   실행에 필요한 값을 받는 경우에는, 받을 값을 타입을 parameterType 속성에 지정 -->
  <select id="selectMember" parameterType="string" resultType="MemberVo">
    SELECT mem_id, mem_pass, mem_name, mem_point FROM member 
    WHERE mem_id=#{memId}
    order by mem_id
  </select>
  
<!-- 파라미터로 받은 객체의 속성(변수)값을 SQL문에 주입하기 위해서 #{변수명} 을 사용 -->
  <insert id="insertMember" parameterType="MemberVo" >
  	INSERT INTO member 
  	(mem_id, mem_pass, mem_name, mem_point)
	VALUES ( #{memId}, #{memPass}, #{memName}, #{memPoint} )
  </insert>
  
  <update id="updateMember" parameterType="MemberVo" >
  UPDATE member 
  SET mem_name = #{memName}, mem_point = #{memPoint} 
  WHERE mem_id = #{memId}
  </update>
  
<!--   parameterType이 단일값을 갖는 객체인 경우(String,Integer,..)에는 #{}의 이름은 무엇을 사용하든 상관 없음 (value,memId,xxxxx 등..)-->
  <delete id="deleteMember" parameterType="string">
  DELETE FROM member 
  WHERE mem_id = #{memId}
  </delete>
  
  <select id="selectLoginMember" parameterType="MemberVo" resultType="MemberVo">
  SELECT mem_id, mem_pass, mem_name, mem_point
  FROM member 
  WHERE mem_id = #{memId} and mem_pass = #{memPass}
  order by mem_id
  </select>
</mapper>



