<?xml version="1.0" encoding="UTF-8"?>
<beans:beans xmlns="http://www.springframework.org/schema/mvc"
	xmlns:xsi="http://www.w3.org/2001/XMLSchema-instance"
	xmlns:beans="http://www.springframework.org/schema/beans"
	xmlns:context="http://www.springframework.org/schema/context"
	xmlns:mybatis-spring="http://mybatis.org/schema/mybatis-spring"
	xmlns:tx="http://www.springframework.org/schema/tx"
	xsi:schemaLocation="http://www.springframework.org/schema/mvc https://www.springframework.org/schema/mvc/spring-mvc.xsd
		http://mybatis.org/schema/mybatis-spring http://mybatis.org/schema/mybatis-spring-1.2.xsd
		http://www.springframework.org/schema/beans https://www.springframework.org/schema/beans/spring-beans.xsd
		http://www.springframework.org/schema/context https://www.springframework.org/schema/context/spring-context.xsd
		http://www.springframework.org/schema/tx http://www.springframework.org/schema/tx/spring-tx-4.3.xsd">

<!-- DispatcherServlet Context: defines this servlet's request-processing infrastructure -->	
<!-- 클래스패스상에 있는 message 라는 이름의 프로퍼티 파일의 내용을 읽어서 
	 스프링에서 사용하는 메세지소스(messageSource)로서 등록 -->
	 
<!-- 	 value에 message.properties으로 쓰면 message_en.properties와 message_ko.properties를 인식하는 데 번거로움 있다. 확장자는 제외하고 message만 기입해야 언어제약을 받지 않는다. -->
	<beans:bean id="messageSource" class="org.springframework.context.support.ResourceBundleMessageSource">
		<beans:property name="basename" value="message"></beans:property>
	</beans:bean>

	<!-- 애노테이션을 사용하여 Spring MVC 애플리케이션을 작성할때 필요한 객체들을 자동등록 -->
	<annotation-driven />

	<!-- Handles HTTP GET requests for /resources/** by efficiently serving 
		up static resources in the ${webappRoot}/resources directory -->
	<!--<resources mapping="/resources/**" location="/resources/" /> -->


	<!-- 스프링 파일(업로드)이 포함된 폼 데이터를 받아서 해석하기 위해서는 MultipartResolver 등록 필요 -->
	<beans:bean id="multipartResolver" class="org.springframework.web.multipart.commons.CommonsMultipartResolver">
		<!-- 하나의 요청에 포함된 최대 파일 크기(byte) 설정 가능 -->
		<beans:property name="maxUploadSize" value="100000000"></beans:property>
	</beans:bean>


	<!-- 컨트롤로가 문자열(뷰이름)을 반환한 경우 -->
	<!-- 그 문자열 앞에 "/WEB-INF/views/"를 붙이고, 뒤에 ".jsp"를 붙여서 -->
	<!-- 해당 문자열의 jsp파일 경로로 이동(forward)시키는 역할을 수행 -->
	<beans:bean
		class="org.springframework.web.servlet.view.InternalResourceViewResolver">
		<beans:property name="prefix" value="/WEB-INF/views/" />
		<beans:property name="suffix" value=".jsp" />
	</beans:bean>

	<!-- kr.ac.kopo 패키지(폴더) 아래에 있는 모든 클래스들을 조사하여, -->
	<!-- @Component,@Controller,@service,@Reoository 등이 붙어있는 클래스들을 -->
	<!-- 스프링(DispatcherServlet)에 자동 등록 -->
	<context:component-scan
		base-package="kr.ac.kopo" />
	<!-- @Controller:웹 요청을 받았을 떄 실행되는 메서드를 담고 있는 객체 -->
	<!-- @service: 서비스 계층의 객체에 사용 -->
	<!-- @Reoository:DAO 계층의 객체에 사용 -->


	<!-- 핸들러인터셉터들을 등록 -->
	<interceptors>
		<interceptor>
			<!-- 모든 경로에 대해서 kr.ac.kopo.comm.LoginInterceptor를 실행 -->
			<!-- 스프링에서 경로 지정시, *는 /를 제외한 모든 문자들을 의미 -->
			<!-- **는 /를 포함한 모든 문자들을 의미 -->
			<mapping path="/**" />	<!-- /a.do , /a/b.do , a/b/c.do 다 가능 --><!-- 특정 경로를 원하면 그 경로 작성하기 -->
			<mapping path="/*" />	<!-- /a.do이거만 가능 , /a/b.do , a/b/c.do 이 둘은 안됨 -->
			<!-- "/member/login.do", "/member/add.do" 경로에 대해서는 인터셉터를 시행하지 않도록 설정 -->
			<exclude-mapping path="/member/login.do" />
			<exclude-mapping path="/member/add.do" />
			<beans:bean class="kr.ac.kopo.comm.LoginInterceptor"></beans:bean>
		</interceptor>
	</interceptors>


	<!-- 	@Transactional를 사용한 트랜잭션 설정을 활성화 -->
	<tx:annotation-driven transaction-manager="transactionManager"/>


	<!-- 스프링에서 트랜잭션 처리를 위한 트랜잭션매니저 객체 등록 -->
	<beans:bean id="transactionManager" class="org.springframework.jdbc.datasource.DataSourceTransactionManager">
		<beans:property name="dataSource" ref="dataSource"></beans:property>
	</beans:bean>


	<!-- 데이터베이스 연결을 담당하는 데이터소스로서 Common DBCP를 등록 -->
	<beans:bean id="dataSource"
		class="org.apache.commons.dbcp2.BasicDataSource">
		<!-- 데이터베이스 연결에 필요한 접속 정보 설정 -->
		<beans:property name="driverClassName"
			value="oracle.jdbc.OracleDriver"></beans:property>
		<beans:property name="url"
			value="jdbc:oracle:thin:@localhost:1521:xe"></beans:property>
		<beans:property name="username" value="com"></beans:property>
		<beans:property name="password" value="com01"></beans:property>
	</beans:bean>

	<!-- 마이바티스 SqlSessionFactory 객체를 생성하여 스프링에 등록 -->
	<beans:bean id="sqlSessionFactory"
		class="org.mybatis.spring.SqlSessionFactoryBean">
		<!-- 마이바티스가 사용할 데이터베이스 연결(커넥션)을 제공하는 데이터소스 설정 -->
		<beans:property name="dataSource" ref="dataSource"></beans:property>
		<!-- 마이바티스 설정 파일 위치 -->
		<beans:property name="configLocation"
			value="classpath:/batis/mybatis-config.xml"></beans:property>

	</beans:bean>

	<!-- 마이바티스 sqlSession의 구현체로서, 스레드에 안전하고, 스프링트랜잭션에 따라서 커밋/롤백하고, 마이바티스 예외를 
		스프링예외로 변환 -->
	<!-- <beans:bean id="sqlSession" class="org.mybatis.spring.SqlSessionTemplate"> 
		SqlSessionTemplate: SST 생성자의 첫번째 인자로 SqlSessionTemplate를 전달 <beans:constructor-arg 
		index="0" ref="sqlSessionFactory"></beans:constructor-arg> </beans:bean> -->

	<!-- kr.ac.kopo 패키지(폴더) 아래에 존재하는, @Mapper가 붙어있는 모든 인터페이스를 찾아서 그 인터페이스의 마이바티스 
		구현체를 자동 생성하여 스프링에 등록 -->
	<mybatis-spring:scan base-package="kr.ac.kopo"
		annotation="org.apache.ibatis.annotations.Mapper" />

</beans:beans>











