<?xml version="1.0" encoding="UTF-8"?>
<!DOCTYPE mapper PUBLIC "-//mybatis.org//DTD Mapper 3.0//EN" "http://mybatis.org/dtd/mybatis-3-mapper.dtd">

<mapper namespace="book">
	<sql id="search">
		SELECT * FROM book
		<where>
			<if test="search == 1">
				bookid=#{keyword}
			</if>
			<if test="search == 2">
				bookname LIKE CONCAT(CONCAT('%', #{keyword}), '%')
			</if>
			<if test="search == 3">
				publisher LIKE CONCAT(CONCAT('%', #{keyword}), '%')
			</if>
			<if test="search == 4">
				price=#{keyword}
			</if>			
		</where>
		<if test="header == 1">	
			ORDER BY bookid
		</if>
		<if test="header == 2">	
			ORDER BY bookname
		</if>
		<if test="header == 3">	
			ORDER BY publisher
		</if>
		<if test="header == 4">	
			ORDER BY price
		</if>
		
		<if test="order == 0">
			ASC
		</if>
		<if test="order == 1">
			DESC
		</if>
	</sql>
	
	<select id="total" resultType="Integer">
		SELECT COUNT(*) FROM 
			(<include refid="search"></include>)
	</select>
	
	<select id="list" resultType="Book">
		SELECT * FROM 
  			(SELECT ROWNUM rnum, sub.* FROM
    			(<include refid="search"></include>) sub)
    	<![CDATA[
		WHERE rnum > ((#{page} - 1) * #{perPage}) AND rnum <= (#{page} * #{perPage})
		]]>
	</select>
	
	<insert id="add">
		INSERT INTO book
		VALUES (#{bookid}, #{bookname}, #{publisher}, #{price})
	</insert>
	
	<delete id="delete">
		DELETE FROM book
		WHERE bookid=#{bookid}
	</delete>
	
	<update id="update">
		UPDATE book
		SET bookname=#{bookname}, publisher=#{publisher}, price=#{price}
		WHERE bookid=#{bookid}
	</update>
	
	<select id="item" resultType="Book">
		SELECT * FROM book
		WHERE bookid=#{bookid}
	</select>
</mapper>