<?xml version="1.0" encoding="UTF-8"?>
<!DOCTYPE mapper PUBLIC "-//mybatis.org//DTD Mapper 3.0//EN" "http://mybatis.org/dtd/mybatis-3-mapper.dtd">

<mapper namespace="orders">
	<sql id="search">
		SELECT orders.*, customer.name name, book.bookname bookname 
		FROM orders
		JOIN customer ON orders.custid=customer.custid
		JOIN book ON orders.bookid=book.bookid
		ORDER BY orderid DESC		
	</sql>
	
	<select id="total" resultType="Integer">
		SELECT COUNT(*) FROM 
			(<include refid="search"></include>)
	</select>
	
	<select id="list" resultType="Orders">
		SELECT * FROM 
  			(SELECT ROWNUM rnum, sub.* FROM
    			(<include refid="search"></include>) sub)
    	<![CDATA[
		WHERE rnum > ((#{page} - 1) * #{perPage}) AND rnum <= (#{page} * #{perPage})
		]]>
	</select>
	
	<insert id="add">
		INSERT INTO orders
		VALUES (#{orderid}, #{custid}, #{bookid}, #{saleprice}, #{orderdate})
	</insert>
	
	<delete id="delete">
		DELETE FROM orders
		WHERE orderid=#{orderid}
	</delete>
	
	<update id="update">
		UPDATE orders
		SET custid=#{custid}, bookid=#{bookid}, saleprice=#{saleprice}, orderdate=#{orderdate}
		WHERE orderid=#{orderid}
	</update>
	
	<select id="item" resultType="Orders">
		SELECT * FROM orders
		WHERE orderid=#{orderid}
	</select>
</mapper>