<?xml version="1.0" encoding="UTF-8"?>
<!DOCTYPE mapper PUBLIC "-//mybatis.org//DTD Mapper 3.0//EN" "http://mybatis.org/dtd/mybatis-3-mapper.dtd">

<mapper namespace="Customer">
	<sql id="search">
		select * from customer
		order by custid
	</sql>
	
	<select id="total" resultType="Integer">
		select count(*) from
		(<include refid="search"></include>) sub
	</select>
	
	<select id="list" resultType="Customer">
		select * from 
		(<include refid="search"></include>) sub
		limit #{offset}, #{perPage}
	</select>
	
	<insert id="add">
		insert into Customer(name, password, address, phone)
		values (#{name}, #{password}, #{address}, #{phone})
	</insert>
	
	<select id="item" resultType="Customer">
		select * from Customer
		where custid=#{custid}
	</select>
	
	<update id="update">
		update Coffee set
		name = #{name}, password=#{password}, address=#{address}, phone=#{phone}
		where custid=#{custid}
	</update>
	
	<delete id="delete">
		delete from Customer
		where custid=#{custid}
	</delete>
	
	<select id="checkid" resultType="Integer">
		select count(*) from Customer
		where id=#{id}
	</select>
	
	<select id="login" resultType="Customer">
		select * from Customer
		where name=#{name} and password=#{password}
	</select>
</mapper>
