<?xml version="1.0" encoding="UTF-8"?>
<!DOCTYPE mapper PUBLIC "-//mybatis.org//DTD Mapper 3.0//EN" "http://mybatis.org/dtd/mybatis-3-mapper.dtd">
<mapper namespace="goods">
<select id=“list" resultType="Goods">
SELECT * FROM goods
</select>
<delete id="delete">
DELETE FROM goods WHERE goodsid=#{goodsid}
</delete>
<insert id="add" parameterType="Goods">
INSERT INTO goods (goodsname, explain, price)
VALUES (#{goodsname}, #{publisher}, #{price})
</insert>
<update id="update" parameterType="Goods">
UPDATE goods SET goodsname=#{goodsname}, explain=#{explain}, price=#{price}
WHERE goodsid=#{goodsid}
</update>
<select id=“item" resultType="Goods">
SELECT * FROM goods WHERE goodsid=#{goodsid}
</select>
</mapper>