<?xml version="1.0" encoding="UTF-8" ?>
<!DOCTYPE mapper
  PUBLIC "-//mybatis.org//DTD Mapper 3.0//EN"
  "http://mybatis.org/dtd/mybatis-3-mapper.dtd">
 
<mapper namespace="kr.ac.kopo.bbs.BbsDao">
	
  <select id="selectBbsList" resultType="BbsVo">
    SELECT bbs_no, bbs_title, bbs_writer, bbs_reg_date, bbs_count
    FROM bbs ORDER BY bbs_no ASC
  </select>

  <select id="selectBbs" parameterType="int" resultType="BbsVo">
  SELECT bbs_no, bbs_title, bbs_content,bbs_writer, bbs_reg_date, bbs_count
  FROM bbs 
  WHERE bbs_no = #{bbsNo} 
  </select>
  
  <insert id="insertBbs" parameterType="BbsVo">
  insert into bbs
  (bbs_no,bbs_title,bbs_content,bbs_writer)
   values (seq_bbs_no.NEXTVAL,#{bbsTitle},#{bbsContent},#{bbsWriter}) 
 </insert> 
 
 <update id="updateBbs" parameterType="BbsVo">
 UPDATE bbs 
 SET bbs_title = #{bbsTitle}, bbs_content=#{bbsContent} 
 where bbs_no = #{bbsNo}
 </update>
 
 <delete id="delBbs" parameterType="int">
 Delete from bbs 
 where bbs_no = #{bbsNo}
 </delete>
</mapper>