<?xml version="1.0" encoding="UTF-8"?>

<!DOCTYPE mapper
  PUBLIC "-//mybatis.org//DTD Mapper 3.0//EN"
  "http://mybatis.org/dtd/mybatis-3-mapper.dtd">
  
<mapper namespace="book">
	<sql id="search">
		SELECT * FROM BOOK
	</sql>
	
	<select id="total" resultType="Integer">
		SELECT COUNT(*) FROM
			(<include refid="search"></include>)
	</select>
	
	<select id="list" resultType="Book">
		SELECT * FROM
  			(SELECT ROWNUM RN, SUB.* FROM 
   				(<include refid="search"></include>) sub)
   		<![CDATA[
		WHERE RN > ((#{page} - 1) * #{perPage}) AND RN <= (#{page} * #{perPage})
		]]>
	</select>
	
	<insert id="add">
		INSERT INTO book
		VALUES (#{bookid}, #{bookname}, #{publisher}, #{price})
	</insert>
	
	<delete id="delete">
		DELETE FROM book
		WHERE bookid=#{bookid}
	</delete>
	
	<update id="update">
		UPDATE book
		SET bookname=#{bookname}, publisher=#{publisher}, price=#{price}
		WHERE bookid=#{bookid}
	</update>
	
	<select id="item" resultType="Book">
		SELECT * FROM book
		WHERE bookid=#{bookid} 
	</select>
	
</mapper>