<?xml version="1.0" encoding="UTF-8"?>
<!DOCTYPE configuration PUBLIC "-//mybatis.org//DTD Config 3.0//EN" "http://mybatis.org/dtd/mybatis-3-config.dtd">

<configuration>
	<typeAliases>
		<typeAlias type="kr.ac.kopo.bookshop.model.Book" alias="Book"/>
		<typeAlias type="kr.ac.kopo.bookshop.model.Customer" alias="Customer"/>
		<typeAlias type="kr.ac.kopo.bookshop.model.Orders" alias="Orders"/>
	</typeAliases>
	
	<mappers>
		<mapper resource="mybatis/book.xml" />
		<mapper resource="mybatis/customer.xml" />
		<mapper resource="mybatis/orders.xml" />
	</mappers>
</configuration>